eventId,type,agreementId,supplierId,country,stockId,qty,refIds,eventDate,intendedDate
EVT-0010,FORGOTTEN_SKU,AGR-002,SUP-LUMIERE,SK,MSC-200,3017,PUR-0004,2026-01-16,
EVT-0011,FOUND_LATER_PALLET,AGR-002,SUP-LUMIERE,SK,GFT-SET,2592,PUR-0004,2026-02-05,2026-01-16
EVT-0012,REROUTE_SKIPPED_SCAN,AGR-002,SUP-LUMIERE,SK,GFT-SET,2286,PUR-0004,2026-01-18,
EVT-0013,FORGOTTEN_SKU,AGR-002,SUP-LUMIERE,PL,MSC-200,2849,PUR-0005,2026-01-07,
EVT-0014,FOUND_LATER_PALLET,AGR-002,SUP-LUMIERE,PL,GFT-SET,2428,PUR-0005,2026-02-05,2026-01-07
EVT-0015,REROUTE_SKIPPED_SCAN,AGR-002,SUP-LUMIERE,PL,GFT-SET,2191,PUR-0005,2026-01-18,
EVT-0016,FORGOTTEN_SKU,AGR-002,SUP-LUMIERE,CZ,MSC-200,3067,PUR-0006,2026-01-14,
EVT-0017,FOUND_LATER_PALLET,AGR-002,SUP-LUMIERE,CZ,GFT-SET,2468,PUR-0006,2026-02-05,2026-01-14
EVT-0018,REROUTE_SKIPPED_SCAN,AGR-002,SUP-LUMIERE,CZ,GFT-SET,2040,PUR-0006,2026-01-18,
