receiptId,grnNumber,poRef,invoiceRef,deliveryNoteRef,purchaseId,agreementId,country,storageId,warehouseKind,reachedStep,scannedAtMain,stockId,qtyOrdered,qtyReceived,qtyAccepted,qtyRejected,condition,inspectedBy,orderDate,receiptDate,vatTaxPointDate
RCP-0061,GRN-SK-2026-0061,PO-2026-2608,INV-0021,,PUR-0021-0,AGR-011,SK,WH-SK-01,MAIN,UNLOADED_SCANNED,true,CRM-050,539,539,539,0,Good,J. Horák,2026-01-04,2026-01-14,
RCP-0062,GRN-SK-2026-0062,PO-2026-2608,INV-0021,,PUR-0021-1,AGR-011,SK,WH-SK-01,MAIN,UNLOADED_SCANNED,true,EDP-050,539,539,539,0,Good,P. Novák,2026-01-04,2026-01-17,
RCP-0063,GRN-SK-2026-0063,PO-2026-2608,INV-0021,,PUR-0021-2,AGR-011,SK,WH-SK-01,MAIN,UNLOADED_SCANNED,true,LIP-004,539,539,539,0,Good,K. Dvořák,2026-01-04,2026-01-20,
RCP-0064,GRN-PL-2026-0064,PO-2026-8800,INV-0022,,PUR-0022-0,AGR-011,PL,WH-PL-01,MAIN,UNLOADED_SCANNED,true,CRM-050,717,717,717,0,Good,L. Marek,2026-01-14,2026-01-14,
RCP-0065,GRN-PL-2026-0065,PO-2026-8800,INV-0022,,PUR-0022-1,AGR-011,PL,WH-PL-01,MAIN,UNLOADED_SCANNED,true,EDP-050,717,717,717,0,Good,K. Dvořák,2026-01-14,2026-01-17,
RCP-0066,GRN-PL-2026-0066,PO-2026-8800,INV-0022,,PUR-0022-2,AGR-011,PL,WH-PL-01,MAIN,UNLOADED_SCANNED,true,LIP-004,716,716,716,0,Good,M. Kowalski,2026-01-14,2026-01-20,
RCP-0067,GRN-CZ-2026-0067,PO-2026-8751,INV-0023,,PUR-0023-0,AGR-011,CZ,WH-CZ-01,MAIN,UNLOADED_SCANNED,true,CRM-050,660,660,660,0,Good,K. Dvořák,2026-01-09,2026-01-14,
RCP-0068,GRN-CZ-2026-0068,PO-2026-8751,INV-0023,,PUR-0023-1,AGR-011,CZ,WH-CZ-01,MAIN,UNLOADED_SCANNED,true,EDP-050,660,660,660,0,Good,M. Kowalski,2026-01-09,2026-01-17,
RCP-0069,GRN-CZ-2026-0069,PO-2026-8751,INV-0023,,PUR-0023-2,AGR-011,CZ,WH-CZ-01,MAIN,UNLOADED_SCANNED,true,LIP-004,660,660,660,0,Good,K. Dvořák,2026-01-09,2026-01-20,
